submission_id,candidate_id,req_id,recruiter_id,submission_date,submission_status,feedback
1,2031,1930,22,2024-04-09,Withdrawn,Visa concern raised
2,1679,250,25,2023-07-17,Withdrawn,Strong technical background
3,1399,1764,21,2023-03-22,Withdrawn,Salary mismatch
4,4339,995,9,2022-08-29,Withdrawn,Client reviewing
5,532,836,23,2023-10-15,Rejected,"Client interested, follow up scheduled"
6,2908,345,24,2023-04-11,Submitted,Awaiting feedback
7,3078,660,9,2024-05-18,On Hold,Good match for requirement
8,2370,1946,14,2023-08-24,Interview Scheduled,Strong technical background
9,669,437,9,2022-11-24,Rejected,Profile sent to hiring manager
10,6990,354,24,2022-11-30,Submitted,Awaiting feedback
11,6507,351,14,2022-08-07,Submitted,Awaiting feedback
12,2030,1037,9,2024-04-23,Offer Extended,"Client interested, follow up scheduled"
13,5021,1219,22,2024-01-27,Submitted,Client reviewing
14,1817,1367,16,2023-02-15,Offer Extended,Shortlisted for interview
15,2021,355,9,2022-12-30,Withdrawn,Experience gap noted
16,1425,1438,23,2024-05-28,Submitted,Salary mismatch
17,6054,1967,18,2023-07-13,Submitted,Shortlisted for interview
18,6317,1524,15,2023-10-12,Submitted,Salary mismatch
19,3679,1617,10,2024-01-27,Withdrawn,Awaiting feedback
20,4256,744,1,2023-07-31,Submitted,"Client interested, follow up scheduled"
21,80,1685,13,2023-11-20,Withdrawn,Good match for requirement
22,4588,341,2,2023-05-05,Withdrawn,Good match for requirement
23,1491,302,14,2023-06-01,Withdrawn,Profile sent to hiring manager
24,3987,1925,13,2022-06-10,Offer Extended,Shortlisted for interview
25,5918,1915,14,2023-02-21,Withdrawn,Visa concern raised
26,3623,1970,7,2022-12-21,Interview Scheduled,Shortlisted for interview
27,1357,1228,4,2023-01-15,Rejected,Shortlisted for interview
28,6640,609,3,2023-12-29,Rejected,Salary mismatch
29,1255,1144,17,2023-10-21,Submitted,Awaiting feedback
30,5664,873,17,2023-07-16,Withdrawn,Experience gap noted
31,2952,1006,2,2024-02-20,Withdrawn,Client reviewing
32,3953,594,23,2022-08-05,On Hold,Shortlisted for interview
33,3112,136,10,2024-03-16,Submitted,Salary mismatch
34,2961,84,8,2023-11-14,Offer Extended,Awaiting feedback
35,2418,934,12,2023-03-29,Rejected,Visa concern raised
36,5048,1617,6,2024-05-13,Submitted,"Client interested, follow up scheduled"
37,924,1835,5,2024-05-10,Interview Scheduled,Good match for requirement
38,1221,603,2,2023-09-06,Interview Scheduled,Good match for requirement
39,3222,173,11,2023-11-01,Interview Scheduled,Experience gap noted
40,3477,631,14,2023-01-05,Withdrawn,Profile sent to hiring manager
41,6944,1974,3,2023-10-11,Submitted,"Client interested, follow up scheduled"
42,5874,901,25,2023-11-28,Rejected,Profile sent to hiring manager
43,6934,67,14,2023-09-09,Withdrawn,Strong technical background
44,6317,1007,1,2023-01-21,Withdrawn,Shortlisted for interview
45,1904,107,14,2024-05-30,Offer Extended,Awaiting feedback
46,6106,1444,15,2023-02-22,On Hold,Profile sent to hiring manager
47,3404,1067,12,2023-10-03,Interview Scheduled,Client reviewing
48,5286,240,23,2022-06-24,On Hold,Awaiting feedback
49,6344,62,18,2023-06-29,Submitted,Good match for requirement
50,6583,1677,17,2023-01-30,Submitted,Good match for requirement
51,4681,665,15,2024-04-09,Rejected,Awaiting feedback
52,3063,70,7,2022-08-01,Submitted,Good match for requirement
53,3707,1746,6,2023-06-12,Offer Extended,Visa concern raised
54,5954,1777,10,2022-07-02,Rejected,Strong technical background
55,1177,802,8,2023-12-13,On Hold,Strong technical background
56,57,249,22,2024-03-31,Submitted,Good match for requirement
57,3952,114,18,2022-07-12,Offer Extended,Shortlisted for interview
58,5180,1605,17,2022-08-12,Rejected,Strong technical background
59,6181,1290,2,2022-09-25,Interview Scheduled,Awaiting feedback
60,2252,1776,8,2022-09-03,Offer Extended,Good match for requirement
61,2163,101,18,2024-01-02,On Hold,Client reviewing
62,5083,1663,16,2023-02-24,Interview Scheduled,Shortlisted for interview
63,5949,1835,4,2023-10-31,Interview Scheduled,Profile sent to hiring manager
64,5139,573,21,2023-04-10,Withdrawn,Visa concern raised
65,1032,1864,3,2023-02-13,Offer Extended,Salary mismatch
66,5912,1605,24,2023-10-28,Interview Scheduled,Client reviewing
67,1069,414,17,2022-06-18,Interview Scheduled,Awaiting feedback
68,6025,918,6,2022-07-22,Interview Scheduled,Strong technical background
69,5516,1485,20,2022-08-18,On Hold,Salary mismatch
70,1145,278,8,2023-08-09,Submitted,"Client interested, follow up scheduled"
71,6417,1767,7,2023-08-10,Interview Scheduled,Good match for requirement
72,2661,236,12,2023-02-07,Offer Extended,Shortlisted for interview
73,1420,375,3,2022-09-11,Withdrawn,Experience gap noted
74,6441,335,21,2022-07-11,On Hold,Visa concern raised
75,5273,364,15,2023-03-31,Withdrawn,Visa concern raised
76,676,1940,2,2023-03-13,Interview Scheduled,Good match for requirement
77,5968,1512,1,2024-02-12,Interview Scheduled,Profile sent to hiring manager
78,4214,601,22,2023-06-15,Submitted,Shortlisted for interview
79,4152,538,9,2022-10-18,Interview Scheduled,Visa concern raised
80,2206,1513,5,2023-09-24,Interview Scheduled,Visa concern raised
81,934,1422,9,2024-02-06,Submitted,Client reviewing
82,3925,1531,3,2023-04-22,Rejected,Shortlisted for interview
83,1861,1074,17,2023-10-28,Offer Extended,Salary mismatch
84,6888,1770,14,2023-07-13,Submitted,"Client interested, follow up scheduled"
85,5432,783,6,2022-12-29,Rejected,Experience gap noted
86,1923,1868,21,2023-04-03,Submitted,Awaiting feedback
87,655,1134,16,2024-03-27,Submitted,Profile sent to hiring manager
88,3479,436,11,2022-06-10,On Hold,Awaiting feedback
89,2043,913,3,2023-10-21,Withdrawn,Visa concern raised
90,1349,179,15,2023-03-20,Interview Scheduled,Good match for requirement
91,1706,1647,4,2023-03-08,Interview Scheduled,Good match for requirement
92,1501,1931,24,2022-08-30,Interview Scheduled,Visa concern raised
93,333,1104,3,2023-03-28,Rejected,Good match for requirement
94,1433,108,5,2024-01-11,Offer Extended,Shortlisted for interview
95,3843,1029,10,2022-11-29,Offer Extended,Strong technical background
96,4922,75,13,2022-11-09,Submitted,Client reviewing
97,6976,1642,8,2022-12-18,On Hold,Experience gap noted
98,3638,914,11,2022-08-01,On Hold,Client reviewing
99,3251,591,19,2023-02-08,Withdrawn,"Client interested, follow up scheduled"
100,4772,491,19,2022-11-28,Withdrawn,"Client interested, follow up scheduled"
101,4474,1580,11,2024-04-06,On Hold,Awaiting feedback
102,1657,622,8,2024-04-21,Submitted,Strong technical background
103,4459,1590,15,2023-02-06,Submitted,Awaiting feedback
104,4163,94,15,2022-10-29,Withdrawn,Profile sent to hiring manager
105,713,1585,25,2023-08-17,Rejected,Good match for requirement
106,2907,101,5,2024-02-27,Withdrawn,Shortlisted for interview
107,3832,135,14,2023-10-23,Submitted,Salary mismatch
108,5788,525,10,2024-03-28,On Hold,Experience gap noted
109,6520,1331,23,2023-06-04,Submitted,Experience gap noted
110,3277,249,16,2022-06-16,Interview Scheduled,"Client interested, follow up scheduled"
111,2092,3,25,2023-07-18,Withdrawn,Visa concern raised
112,5332,338,17,2024-05-26,Offer Extended,Profile sent to hiring manager
113,275,113,13,2022-10-28,Offer Extended,Good match for requirement
114,2986,792,2,2022-09-07,Withdrawn,Good match for requirement
115,121,1162,24,2024-05-26,Offer Extended,Salary mismatch
116,3298,924,18,2024-04-26,Rejected,Profile sent to hiring manager
117,2400,305,5,2023-03-20,Submitted,Salary mismatch
118,6502,368,12,2023-01-14,Interview Scheduled,Visa concern raised
119,3209,866,25,2024-01-20,On Hold,Profile sent to hiring manager
120,4511,171,4,2023-12-21,Offer Extended,Experience gap noted
121,448,1120,4,2024-03-07,Offer Extended,Profile sent to hiring manager
122,3761,1635,20,2024-04-03,On Hold,Experience gap noted
123,770,1828,7,2022-12-17,Submitted,Salary mismatch
124,6425,1929,11,2023-01-04,Rejected,Experience gap noted
125,1649,1731,7,2024-05-19,Submitted,Client reviewing
126,1348,1262,24,2022-09-27,On Hold,Shortlisted for interview
127,6209,1228,18,2024-03-05,Submitted,Good match for requirement
128,4430,696,5,2023-05-29,Interview Scheduled,Client reviewing
129,6598,139,14,2024-04-21,On Hold,Strong technical background
130,3658,1583,23,2023-07-26,Interview Scheduled,Profile sent to hiring manager
131,657,918,7,2023-01-27,Submitted,Good match for requirement
132,3246,1999,17,2023-06-04,Submitted,Experience gap noted
133,703,846,10,2024-02-01,On Hold,Awaiting feedback
134,19,245,2,2023-03-10,Rejected,Client reviewing
135,5534,293,3,2022-07-30,Interview Scheduled,Salary mismatch
136,4081,781,23,2023-12-10,Submitted,Visa concern raised
137,2755,1464,18,2022-07-25,Interview Scheduled,Shortlisted for interview
138,447,1188,23,2023-01-24,Submitted,Salary mismatch
139,1096,977,3,2022-06-22,Interview Scheduled,Strong technical background
140,4835,89,18,2024-02-11,Offer Extended,Client reviewing
141,3745,139,7,2024-04-06,Interview Scheduled,"Client interested, follow up scheduled"
142,5820,1364,5,2023-10-15,Interview Scheduled,Salary mismatch
143,1313,513,22,2022-12-27,Submitted,"Client interested, follow up scheduled"
144,2038,296,11,2023-02-23,On Hold,Strong technical background
145,2326,404,21,2023-06-29,Interview Scheduled,Client reviewing
146,796,1313,6,2023-02-11,Rejected,Profile sent to hiring manager
147,305,143,12,2022-06-29,Submitted,Salary mismatch
148,1795,606,2,2023-07-27,Offer Extended,Profile sent to hiring manager
149,6347,1562,20,2024-05-02,Withdrawn,Client reviewing
150,4561,1706,11,2023-02-24,Submitted,Visa concern raised
151,5583,1442,3,2024-03-09,Submitted,Experience gap noted
152,6205,57,16,2023-03-24,On Hold,Awaiting feedback
153,334,1528,19,2022-08-12,Interview Scheduled,Client reviewing
154,6055,1144,19,2023-08-05,Interview Scheduled,Awaiting feedback
155,1578,1877,14,2024-05-30,Rejected,"Client interested, follow up scheduled"
156,1948,35,21,2023-03-29,Offer Extended,"Client interested, follow up scheduled"
157,1808,1294,8,2024-03-01,Rejected,Experience gap noted
158,4474,482,23,2023-02-18,Submitted,Profile sent to hiring manager
159,2703,781,25,2023-07-02,Submitted,Good match for requirement
160,6263,1393,4,2022-12-10,Offer Extended,Visa concern raised
161,6998,624,8,2022-12-07,Withdrawn,"Client interested, follow up scheduled"
162,427,110,7,2023-03-13,Submitted,Shortlisted for interview
163,1499,1105,13,2022-08-26,Interview Scheduled,Shortlisted for interview
164,1363,1186,3,2024-03-23,Withdrawn,Profile sent to hiring manager
165,2889,334,20,2023-12-09,Rejected,"Client interested, follow up scheduled"
166,4812,814,3,2024-03-16,Rejected,Experience gap noted
167,5768,1806,23,2022-08-01,Submitted,Visa concern raised
168,6421,1123,15,2022-06-14,Submitted,Good match for requirement
169,6969,1568,16,2023-01-10,Offer Extended,Good match for requirement
170,3367,654,5,2023-05-29,Rejected,Salary mismatch
171,3486,1272,14,2022-07-18,Submitted,Good match for requirement
172,6430,204,9,2022-07-20,Rejected,Salary mismatch
173,5179,587,2,2023-02-02,Offer Extended,Visa concern raised
174,2273,210,19,2022-11-25,Submitted,Salary mismatch
175,1616,1108,12,2023-08-07,On Hold,Good match for requirement
176,6971,1377,19,2022-07-05,On Hold,Profile sent to hiring manager
177,2706,1601,21,2022-10-31,Interview Scheduled,Strong technical background
178,5631,459,16,2023-10-23,Offer Extended,"Client interested, follow up scheduled"
179,6366,681,18,2023-04-29,Submitted,Good match for requirement
180,2015,770,14,2023-07-14,Interview Scheduled,Good match for requirement
181,6406,1091,9,2023-03-08,Submitted,"Client interested, follow up scheduled"
182,5201,1291,23,2022-10-21,On Hold,Client reviewing
183,2776,1969,9,2023-02-09,Rejected,Experience gap noted
184,1853,112,10,2022-10-03,Rejected,Visa concern raised
185,4005,157,4,2024-04-09,Offer Extended,Strong technical background
186,1417,412,24,2024-03-02,Submitted,Shortlisted for interview
187,5684,354,3,2023-12-16,Interview Scheduled,Good match for requirement
188,3861,1427,2,2023-02-08,Submitted,Profile sent to hiring manager
189,2442,1760,6,2023-09-21,Withdrawn,Awaiting feedback
190,5614,1716,22,2022-11-25,Rejected,Visa concern raised
191,158,1240,21,2023-07-20,Withdrawn,Visa concern raised
192,5923,1690,2,2023-10-22,Interview Scheduled,Shortlisted for interview
193,1551,1067,8,2024-02-21,Submitted,"Client interested, follow up scheduled"
194,1702,376,11,2022-06-13,On Hold,Good match for requirement
195,4542,1782,13,2023-11-30,On Hold,Awaiting feedback
196,3658,782,1,2024-02-10,Submitted,Shortlisted for interview
197,4106,1818,1,2023-01-18,Interview Scheduled,Shortlisted for interview
198,4099,646,5,2022-07-11,Interview Scheduled,Profile sent to hiring manager
199,1574,1858,14,2023-03-04,Offer Extended,Profile sent to hiring manager
200,6574,173,12,2022-06-28,Submitted,Profile sent to hiring manager
201,1815,352,5,2022-11-13,Interview Scheduled,Good match for requirement
202,386,1457,20,2023-03-22,Interview Scheduled,Visa concern raised
203,982,34,25,2023-12-11,Withdrawn,Experience gap noted
204,6190,1854,17,2023-05-30,Rejected,Awaiting feedback
205,2762,481,19,2023-03-01,Offer Extended,Visa concern raised
206,4569,1931,4,2023-12-24,Interview Scheduled,Profile sent to hiring manager
207,4541,1821,10,2024-01-27,Rejected,Good match for requirement
208,5914,780,18,2023-11-03,Submitted,Profile sent to hiring manager
209,3516,335,14,2023-06-17,On Hold,Strong technical background
210,6278,1022,14,2023-02-24,Rejected,Good match for requirement
211,4797,1711,16,2024-05-13,Submitted,Good match for requirement
212,6988,1210,2,2022-11-11,Withdrawn,Profile sent to hiring manager
213,63,1592,19,2024-05-10,Interview Scheduled,Visa concern raised
214,5835,1451,12,2023-04-03,On Hold,Experience gap noted
215,5977,538,4,2023-02-25,Rejected,Client reviewing
216,833,823,17,2024-01-29,Withdrawn,Profile sent to hiring manager
217,3528,1865,17,2024-05-30,Submitted,Strong technical background
218,2060,6,9,2024-03-16,Rejected,Experience gap noted
219,6212,1476,12,2023-12-19,Submitted,Client reviewing
220,4626,1845,5,2024-01-04,Submitted,Profile sent to hiring manager
221,6556,1933,7,2022-07-02,Submitted,Shortlisted for interview
222,2275,701,16,2023-12-12,Interview Scheduled,Shortlisted for interview
223,1976,85,23,2024-02-29,Interview Scheduled,Awaiting feedback
224,6924,131,24,2023-07-05,Interview Scheduled,Shortlisted for interview
225,1597,212,12,2024-03-05,Withdrawn,Good match for requirement
226,4880,1251,1,2022-07-03,Submitted,Visa concern raised
227,5936,172,4,2024-04-27,Rejected,Profile sent to hiring manager
228,3670,1780,13,2023-05-24,Submitted,Profile sent to hiring manager
229,928,1449,20,2024-05-26,Offer Extended,Salary mismatch
230,3521,1692,21,2022-11-13,Withdrawn,Shortlisted for interview
231,2200,271,25,2023-12-30,Submitted,Client reviewing
232,6279,971,11,2024-02-01,Submitted,Good match for requirement
233,5746,1262,2,2022-10-05,Submitted,Visa concern raised
234,6626,1817,9,2024-03-18,Submitted,Awaiting feedback
235,4159,1441,10,2023-04-24,Withdrawn,Good match for requirement
236,5773,1396,15,2023-02-06,On Hold,Awaiting feedback
237,3382,415,16,2023-10-19,Submitted,Salary mismatch
238,1965,90,25,2022-12-18,Interview Scheduled,Salary mismatch
239,2270,1889,25,2023-02-18,Submitted,Profile sent to hiring manager
240,4050,1732,11,2024-05-27,Withdrawn,Experience gap noted
241,2313,1361,7,2023-10-18,Submitted,"Client interested, follow up scheduled"
242,4691,1552,12,2024-03-12,Withdrawn,Salary mismatch
243,2877,1792,19,2023-05-18,Rejected,"Client interested, follow up scheduled"
244,5998,133,4,2023-02-26,Withdrawn,Salary mismatch
245,5114,1929,21,2024-02-03,Interview Scheduled,Strong technical background
246,44,807,1,2022-07-25,On Hold,Strong technical background
247,1373,259,12,2023-12-19,Interview Scheduled,"Client interested, follow up scheduled"
248,3461,545,14,2022-06-20,Withdrawn,Good match for requirement
249,1216,1126,15,2023-10-16,Submitted,Experience gap noted
250,5635,851,21,2023-03-21,On Hold,Experience gap noted
251,1132,1270,23,2023-06-20,On Hold,Profile sent to hiring manager
252,5847,1085,5,2023-03-22,Rejected,Visa concern raised
253,2201,1352,8,2023-03-31,Rejected,Visa concern raised
254,701,1726,13,2023-04-18,Submitted,Visa concern raised
255,443,944,15,2023-02-08,Withdrawn,Salary mismatch
256,2634,1511,4,2023-02-06,Submitted,Awaiting feedback
257,2676,835,5,2023-07-15,Withdrawn,Strong technical background
258,4340,476,12,2024-02-28,Submitted,Shortlisted for interview
259,4912,560,24,2023-02-21,Submitted,Shortlisted for interview
260,3902,293,16,2024-01-24,Interview Scheduled,"Client interested, follow up scheduled"
261,6419,1130,23,2023-03-27,Rejected,Experience gap noted
262,2018,1374,7,2022-08-03,Withdrawn,Strong technical background
263,2652,41,14,2023-12-15,Withdrawn,Awaiting feedback
264,3229,1778,4,2023-07-15,Submitted,Experience gap noted
265,4975,505,5,2022-12-06,Offer Extended,Profile sent to hiring manager
266,5927,1024,15,2023-04-27,Offer Extended,"Client interested, follow up scheduled"
267,6006,454,13,2024-03-05,Submitted,Client reviewing
268,4254,989,5,2024-05-08,Withdrawn,Visa concern raised
269,761,311,19,2023-07-27,Submitted,Good match for requirement
270,5690,685,15,2024-04-27,Rejected,Shortlisted for interview
271,3155,573,1,2024-03-28,On Hold,Strong technical background
272,3275,484,8,2023-06-09,Interview Scheduled,Profile sent to hiring manager
273,4491,747,1,2023-01-22,Withdrawn,Visa concern raised
274,4730,620,10,2024-01-07,On Hold,Shortlisted for interview
275,966,373,14,2022-08-28,Submitted,Awaiting feedback
276,3040,1720,9,2023-12-03,On Hold,Visa concern raised
277,3000,954,11,2022-11-02,Withdrawn,Awaiting feedback
278,3712,175,18,2023-05-23,Withdrawn,Client reviewing
279,5653,1315,17,2023-07-03,On Hold,Client reviewing
280,4838,1932,12,2024-03-11,On Hold,Profile sent to hiring manager
281,903,1948,23,2023-02-23,Submitted,Salary mismatch
282,3812,1189,9,2023-04-20,Submitted,Salary mismatch
283,1872,1946,4,2022-10-11,Submitted,Strong technical background
284,6335,281,5,2022-09-20,Interview Scheduled,Client reviewing
285,3745,1968,12,2022-09-28,Submitted,Experience gap noted
286,4774,279,21,2023-04-08,Offer Extended,Visa concern raised
287,849,1861,5,2022-07-30,Rejected,Experience gap noted
288,1028,49,11,2024-01-24,On Hold,Client reviewing
289,5249,1573,15,2023-10-26,Interview Scheduled,Awaiting feedback
290,4560,1826,20,2024-04-01,Interview Scheduled,Visa concern raised
291,4003,1186,14,2023-04-20,Interview Scheduled,Experience gap noted
292,4603,606,16,2022-09-29,Submitted,Good match for requirement
293,3185,227,8,2024-03-01,On Hold,Client reviewing
294,539,1911,12,2023-06-14,Offer Extended,"Client interested, follow up scheduled"
295,1760,18,13,2023-05-11,Withdrawn,Profile sent to hiring manager
296,87,429,6,2024-04-05,On Hold,"Client interested, follow up scheduled"
297,747,1869,19,2023-10-28,Rejected,Strong technical background
298,3249,912,8,2023-10-30,On Hold,"Client interested, follow up scheduled"
299,3160,1192,8,2022-12-02,Offer Extended,Shortlisted for interview
300,6735,1423,5,2023-11-21,Submitted,Profile sent to hiring manager
301,1175,351,5,2024-02-24,Rejected,Client reviewing
302,1311,1958,23,2023-03-17,On Hold,Visa concern raised
303,4924,1941,10,2023-04-06,Submitted,Experience gap noted
304,1859,1841,11,2023-02-05,On Hold,"Client interested, follow up scheduled"
305,418,516,21,2023-11-08,Interview Scheduled,Experience gap noted
306,6932,838,16,2023-02-08,Rejected,Experience gap noted
307,1845,1146,15,2023-03-01,Withdrawn,"Client interested, follow up scheduled"
308,2067,542,3,2022-08-08,Submitted,Good match for requirement
309,5003,1516,15,2022-12-19,Offer Extended,Shortlisted for interview
310,588,214,22,2023-09-16,On Hold,Experience gap noted
311,3022,954,22,2023-02-24,Submitted,Client reviewing
312,3716,456,21,2022-07-06,Withdrawn,Visa concern raised
313,16,858,17,2023-07-29,Interview Scheduled,Strong technical background
314,6527,503,11,2023-08-02,On Hold,Good match for requirement
315,363,1286,16,2023-10-20,Submitted,Shortlisted for interview
316,1225,1864,10,2023-08-26,Offer Extended,Experience gap noted
317,1302,1467,25,2023-04-24,Submitted,Visa concern raised
318,6966,872,24,2022-12-17,Withdrawn,Strong technical background
319,3381,438,3,2023-06-13,Submitted,Shortlisted for interview
320,6214,265,21,2022-09-29,Submitted,Client reviewing
321,5013,1173,15,2023-02-11,Withdrawn,Profile sent to hiring manager
322,4733,234,12,2024-04-16,Offer Extended,Salary mismatch
323,6607,1087,21,2023-11-17,On Hold,Awaiting feedback
324,2634,1404,20,2023-01-30,Withdrawn,"Client interested, follow up scheduled"
325,5822,418,6,2023-12-28,Submitted,Experience gap noted
326,5489,311,12,2024-03-16,Offer Extended,Awaiting feedback
327,1408,407,17,2023-04-17,Submitted,Good match for requirement
328,6685,302,18,2024-02-13,Rejected,Salary mismatch
329,6783,1541,23,2023-02-03,Withdrawn,Good match for requirement
330,3638,1164,13,2022-10-08,Rejected,Profile sent to hiring manager
331,3787,1438,4,2022-11-21,On Hold,Profile sent to hiring manager
332,5353,1024,25,2024-05-03,Withdrawn,Awaiting feedback
333,1621,314,25,2022-12-19,Submitted,Client reviewing
334,3128,1528,16,2023-12-05,Offer Extended,Profile sent to hiring manager
335,3300,1252,19,2024-04-28,Withdrawn,Strong technical background
336,1365,1664,3,2024-04-06,Submitted,Profile sent to hiring manager
337,2202,1882,25,2023-04-22,Interview Scheduled,Client reviewing
338,2379,505,19,2023-06-16,Withdrawn,Client reviewing
339,5703,906,23,2023-03-28,Offer Extended,Good match for requirement
340,5652,985,5,2024-02-15,Submitted,Shortlisted for interview
341,5426,1191,6,2024-04-30,On Hold,Strong technical background
342,5343,167,13,2023-06-08,Rejected,Awaiting feedback
343,6855,782,3,2022-06-15,Interview Scheduled,"Client interested, follow up scheduled"
344,3203,315,18,2023-02-07,Submitted,Profile sent to hiring manager
345,1756,470,17,2023-02-23,Offer Extended,Experience gap noted
346,4291,538,21,2024-04-26,Submitted,"Client interested, follow up scheduled"
347,643,1744,18,2022-10-10,Interview Scheduled,Awaiting feedback
348,4529,1872,6,2024-04-26,On Hold,Awaiting feedback
349,2668,1590,6,2023-11-06,Submitted,Client reviewing
350,2688,232,18,2022-12-12,On Hold,Client reviewing
351,6426,75,9,2023-04-14,Withdrawn,Awaiting feedback
352,1966,1944,18,2023-05-28,Rejected,Good match for requirement
353,857,554,17,2023-02-21,Submitted,Profile sent to hiring manager
354,2730,1648,21,2024-01-31,Submitted,Good match for requirement
355,6128,1750,9,2023-03-17,Withdrawn,"Client interested, follow up scheduled"
356,3707,1862,6,2022-08-09,On Hold,Awaiting feedback
357,2474,1096,21,2024-01-12,Rejected,Profile sent to hiring manager
358,4684,3,4,2023-10-23,Withdrawn,Client reviewing
359,2375,1816,7,2023-12-04,Interview Scheduled,Shortlisted for interview
360,4079,148,12,2023-11-07,On Hold,"Client interested, follow up scheduled"
361,4676,1094,10,2024-03-17,Interview Scheduled,Visa concern raised
362,950,291,1,2023-04-11,Submitted,Client reviewing
363,4992,1648,24,2023-12-19,Submitted,Shortlisted for interview
364,4789,498,16,2023-06-17,Withdrawn,Visa concern raised
365,4257,680,12,2022-10-19,Submitted,Profile sent to hiring manager
366,5351,415,13,2022-09-27,On Hold,Visa concern raised
367,442,293,21,2023-03-15,On Hold,Awaiting feedback
368,4870,1238,25,2022-06-02,Submitted,Profile sent to hiring manager
369,1499,462,6,2022-09-15,Submitted,Good match for requirement
370,5478,1628,3,2022-10-03,On Hold,Good match for requirement
371,4814,1770,19,2023-06-05,Interview Scheduled,Awaiting feedback
372,5373,1581,14,2023-06-05,Withdrawn,Awaiting feedback
373,2892,664,2,2023-11-14,Offer Extended,Awaiting feedback
374,4033,506,20,2023-03-27,Submitted,"Client interested, follow up scheduled"
375,4157,1692,24,2023-09-06,Submitted,Strong technical background
376,6635,263,3,2022-11-18,Withdrawn,Awaiting feedback
377,4764,303,6,2024-05-22,On Hold,Experience gap noted
378,6046,1012,12,2023-04-22,Interview Scheduled,Awaiting feedback
379,904,1548,12,2024-01-14,Offer Extended,Visa concern raised
380,6813,488,18,2023-05-23,Interview Scheduled,Experience gap noted
381,18,1137,13,2023-01-10,Offer Extended,"Client interested, follow up scheduled"
382,3633,1270,13,2024-02-23,On Hold,Salary mismatch
383,532,167,7,2024-02-01,Withdrawn,Good match for requirement
384,6652,1768,19,2022-12-16,Rejected,Client reviewing
385,5600,420,17,2022-06-21,Submitted,Awaiting feedback
386,76,942,23,2023-03-07,Withdrawn,Shortlisted for interview
387,6418,409,5,2022-07-15,Submitted,Experience gap noted
388,1974,1389,11,2022-08-27,Interview Scheduled,Shortlisted for interview
389,4431,514,6,2022-11-06,Rejected,Shortlisted for interview
390,641,239,23,2024-01-13,Submitted,Awaiting feedback
391,5797,1457,5,2022-07-01,Offer Extended,Shortlisted for interview
392,457,965,17,2022-12-30,Interview Scheduled,Profile sent to hiring manager
393,1841,842,9,2023-07-26,Submitted,Experience gap noted
394,5492,1009,13,2024-01-26,Submitted,Awaiting feedback
395,1045,308,18,2022-06-13,Offer Extended,Salary mismatch
396,451,1714,6,2024-03-28,Submitted,Salary mismatch
397,6991,1449,14,2023-05-23,On Hold,Awaiting feedback
398,3370,1115,4,2023-01-02,Withdrawn,Awaiting feedback
399,2156,775,19,2023-10-16,On Hold,Salary mismatch
400,4445,774,17,2024-05-15,Interview Scheduled,Experience gap noted
401,2067,1199,17,2023-01-28,Rejected,Salary mismatch
402,4615,898,2,2022-06-14,Submitted,Experience gap noted
403,4769,282,14,2023-08-23,Interview Scheduled,Profile sent to hiring manager
404,1936,160,7,2024-03-24,Submitted,Experience gap noted
405,2406,1507,20,2024-05-30,Submitted,Profile sent to hiring manager
406,692,1720,12,2022-10-12,Submitted,Good match for requirement
407,3455,1755,4,2024-01-31,Submitted,"Client interested, follow up scheduled"
408,4450,1735,3,2023-03-27,Withdrawn,Experience gap noted
409,6686,552,21,2024-01-11,Submitted,Awaiting feedback
410,1582,566,8,2023-02-06,Interview Scheduled,Profile sent to hiring manager
411,6174,1153,13,2022-08-19,On Hold,Awaiting feedback
412,1416,967,24,2023-06-09,Submitted,Good match for requirement
413,6362,1491,9,2023-04-22,Submitted,Salary mismatch
414,6641,1342,1,2023-03-31,Rejected,Awaiting feedback
415,1044,1599,13,2022-08-18,On Hold,Experience gap noted
416,2962,19,19,2024-05-27,Offer Extended,"Client interested, follow up scheduled"
417,5283,1925,4,2022-11-25,On Hold,Visa concern raised
418,6498,562,8,2023-10-12,Submitted,Awaiting feedback
419,902,1564,11,2023-10-02,Submitted,"Client interested, follow up scheduled"
420,1071,256,14,2024-01-01,Rejected,Visa concern raised
421,1901,484,22,2023-08-09,Withdrawn,Strong technical background
422,4219,1911,9,2024-05-10,On Hold,Good match for requirement
423,861,1016,23,2022-07-29,Submitted,Salary mismatch
424,3145,775,11,2024-05-21,Submitted,Strong technical background
425,1509,1193,13,2022-09-03,Offer Extended,Shortlisted for interview
426,1402,1412,16,2022-12-19,Withdrawn,Profile sent to hiring manager
427,823,1457,22,2022-11-05,On Hold,Good match for requirement
428,4974,1795,4,2024-05-11,Submitted,Strong technical background
429,2318,499,3,2024-05-31,Submitted,Awaiting feedback
430,1291,1304,25,2024-01-20,Submitted,Visa concern raised
431,2562,617,14,2024-03-11,Rejected,Good match for requirement
432,3614,1721,12,2022-10-02,Interview Scheduled,Good match for requirement
433,3857,904,15,2022-08-06,Rejected,Good match for requirement
434,5860,168,13,2023-03-07,Submitted,Profile sent to hiring manager
435,5841,1674,9,2023-04-04,On Hold,Visa concern raised
436,3349,1516,5,2024-05-29,On Hold,Profile sent to hiring manager
437,44,1950,25,2022-08-23,On Hold,Awaiting feedback
438,3518,1522,23,2023-12-19,On Hold,Strong technical background
439,3267,218,8,2023-01-18,Offer Extended,Experience gap noted
440,5342,729,2,2023-10-08,Interview Scheduled,Client reviewing
441,5407,849,24,2022-07-24,Withdrawn,Salary mismatch
442,1861,790,5,2023-04-20,Submitted,Awaiting feedback
443,4147,423,5,2023-06-16,Offer Extended,Strong technical background
444,1179,406,22,2023-08-10,Rejected,Awaiting feedback
445,1579,1964,18,2023-04-27,Rejected,Shortlisted for interview
446,649,841,15,2022-11-02,Rejected,Shortlisted for interview
447,4197,1197,17,2023-05-12,Withdrawn,Profile sent to hiring manager
448,6052,735,13,2022-10-07,Rejected,Awaiting feedback
449,3950,288,4,2022-08-11,Submitted,Good match for requirement
450,519,533,10,2023-11-21,On Hold,Strong technical background
451,2205,1525,6,2023-07-17,Submitted,Salary mismatch
452,6607,1143,3,2023-04-06,Submitted,Client reviewing
453,876,1731,8,2023-03-06,Rejected,Good match for requirement
454,1925,1231,9,2023-06-28,Submitted,Shortlisted for interview
455,590,1724,5,2023-11-28,On Hold,Shortlisted for interview
456,5289,1131,25,2024-02-28,Submitted,Shortlisted for interview
457,6574,1683,13,2023-04-15,On Hold,Visa concern raised
458,618,383,1,2022-07-30,Submitted,Good match for requirement
459,1771,1118,19,2023-01-18,On Hold,Awaiting feedback
460,324,830,2,2023-11-25,Withdrawn,Profile sent to hiring manager
461,6502,683,6,2023-01-11,Submitted,Client reviewing
462,6802,628,2,2023-11-07,Submitted,Shortlisted for interview
463,6841,111,3,2024-01-11,Withdrawn,Visa concern raised
464,5469,1726,4,2023-03-16,Withdrawn,"Client interested, follow up scheduled"
465,5395,1726,13,2024-05-05,Interview Scheduled,Salary mismatch
466,4284,178,24,2024-01-25,Offer Extended,Experience gap noted
467,4728,1912,20,2023-01-10,Rejected,Experience gap noted
468,6130,1957,24,2022-09-12,Offer Extended,Awaiting feedback
469,4222,1974,13,2022-09-25,Withdrawn,Experience gap noted
470,6280,1717,4,2022-08-31,Withdrawn,Awaiting feedback
471,5847,1484,6,2023-05-25,Submitted,Strong technical background
472,6175,673,12,2023-12-13,On Hold,Experience gap noted
473,4178,1001,18,2023-01-31,Submitted,Experience gap noted
474,6745,1750,6,2023-11-20,Withdrawn,Strong technical background
475,2197,1861,13,2023-06-11,On Hold,Profile sent to hiring manager
476,2930,314,4,2024-02-17,On Hold,Shortlisted for interview
477,3859,431,18,2023-03-02,Submitted,Good match for requirement
478,993,1188,15,2023-06-19,Submitted,Shortlisted for interview
479,6101,112,14,2023-09-24,Rejected,Profile sent to hiring manager
480,6123,1828,1,2022-09-23,Rejected,Client reviewing
481,6990,1996,25,2023-10-15,Withdrawn,Visa concern raised
482,4404,1202,12,2022-12-21,Submitted,Strong technical background
483,6187,1083,3,2023-04-07,On Hold,"Client interested, follow up scheduled"
484,1692,818,12,2023-05-11,Rejected,Shortlisted for interview
485,3054,69,24,2023-09-19,Submitted,Salary mismatch
486,3181,852,7,2023-02-11,Rejected,Shortlisted for interview
487,1663,881,8,2023-01-24,On Hold,Good match for requirement
488,2557,548,7,2023-12-26,Interview Scheduled,Salary mismatch
489,5512,1775,23,2022-12-19,Rejected,Shortlisted for interview
490,2027,1580,18,2023-02-26,Withdrawn,Salary mismatch
491,6800,1141,5,2024-05-06,Submitted,Experience gap noted
492,3569,1716,12,2023-08-02,Submitted,Experience gap noted
493,2517,1673,23,2023-01-03,Interview Scheduled,Strong technical background
494,373,1429,1,2023-07-04,Rejected,Awaiting feedback
495,6575,625,21,2024-04-20,Submitted,Experience gap noted
496,4919,185,6,2023-05-17,On Hold,Visa concern raised
497,636,101,16,2022-07-27,Offer Extended,Awaiting feedback
498,3696,1351,24,2023-05-01,On Hold,Awaiting feedback
499,2274,1707,9,2022-07-02,Withdrawn,Strong technical background
500,3989,1403,19,2023-10-14,On Hold,Shortlisted for interview
501,5112,1949,25,2022-09-13,Submitted,Client reviewing
502,3057,412,10,2022-11-10,Withdrawn,Client reviewing
503,2727,157,19,2024-02-28,Withdrawn,"Client interested, follow up scheduled"
504,1512,1335,10,2023-03-31,Offer Extended,Awaiting feedback
505,3201,1745,5,2023-10-25,Offer Extended,Salary mismatch
506,4548,575,8,2023-05-24,Submitted,Shortlisted for interview
507,960,358,25,2023-08-10,Submitted,Client reviewing
508,5492,180,1,2023-12-15,Offer Extended,Visa concern raised
509,237,1577,22,2023-08-02,Offer Extended,Shortlisted for interview
510,1763,1556,6,2023-11-23,Rejected,Client reviewing
511,5552,409,13,2023-12-28,On Hold,Good match for requirement
512,6734,1332,2,2023-06-25,Withdrawn,Strong technical background
513,1797,890,10,2023-12-22,Submitted,"Client interested, follow up scheduled"
514,5739,842,18,2023-05-27,On Hold,"Client interested, follow up scheduled"
515,1261,280,22,2022-07-14,Withdrawn,Visa concern raised
516,5563,330,2,2024-01-28,Withdrawn,Visa concern raised
517,2836,716,15,2024-01-08,Interview Scheduled,"Client interested, follow up scheduled"
518,4136,1730,19,2024-04-21,Rejected,"Client interested, follow up scheduled"
519,16,522,12,2023-08-02,Offer Extended,Awaiting feedback
520,5918,383,20,2022-10-25,Withdrawn,Salary mismatch
521,6183,1488,20,2023-10-22,Rejected,Shortlisted for interview
522,4843,1997,12,2022-12-04,Interview Scheduled,Visa concern raised
523,51,110,4,2024-03-03,Submitted,Experience gap noted
524,1015,1650,18,2022-06-16,Submitted,Good match for requirement
525,3273,799,24,2022-09-18,Interview Scheduled,Salary mismatch
526,342,111,16,2023-07-19,Withdrawn,Strong technical background
527,846,1611,7,2024-04-22,Submitted,Awaiting feedback
528,2436,1018,22,2024-01-25,Withdrawn,Profile sent to hiring manager
529,3053,435,18,2023-01-07,Offer Extended,Experience gap noted
530,4411,318,19,2023-10-11,On Hold,"Client interested, follow up scheduled"
531,90,1544,5,2022-11-28,On Hold,Shortlisted for interview
532,2362,56,12,2023-11-23,Withdrawn,Good match for requirement
533,1375,242,11,2022-12-07,Withdrawn,Visa concern raised
534,2449,1654,22,2024-04-01,Withdrawn,Experience gap noted
535,2488,722,13,2024-05-20,Rejected,"Client interested, follow up scheduled"
536,5895,766,3,2024-05-11,On Hold,Awaiting feedback
537,67,185,14,2023-01-28,Withdrawn,Good match for requirement
538,5543,1247,8,2023-06-07,Rejected,Visa concern raised
539,3219,387,21,2023-02-15,Interview Scheduled,Visa concern raised
540,6731,1916,23,2024-03-15,Withdrawn,Client reviewing
541,6685,285,14,2024-04-05,Rejected,Client reviewing
542,3750,1348,10,2022-08-14,Submitted,Profile sent to hiring manager
543,2341,760,1,2022-07-08,Interview Scheduled,Client reviewing
544,5995,1416,21,2022-08-21,Rejected,Strong technical background
545,5267,620,17,2022-10-21,Rejected,Experience gap noted
546,5680,988,1,2023-03-05,Withdrawn,Salary mismatch
547,1348,129,15,2022-06-30,Withdrawn,Visa concern raised
548,5974,692,4,2023-11-06,Interview Scheduled,Experience gap noted
549,297,826,2,2023-06-18,Withdrawn,Good match for requirement
550,115,1887,2,2022-08-03,On Hold,Good match for requirement
551,6268,69,4,2023-04-15,On Hold,Experience gap noted
552,1516,1889,22,2022-10-15,Withdrawn,Salary mismatch
553,2415,165,23,2023-04-15,Submitted,Experience gap noted
554,5875,1882,12,2022-08-23,Interview Scheduled,Good match for requirement
555,4145,1800,13,2023-06-11,Offer Extended,Client reviewing
556,1783,853,12,2023-08-12,Withdrawn,Profile sent to hiring manager
557,3186,822,14,2023-07-27,Submitted,Strong technical background
558,2960,1252,10,2023-07-03,Rejected,Shortlisted for interview
559,5395,466,4,2023-12-03,Interview Scheduled,"Client interested, follow up scheduled"
560,4306,98,9,2023-08-07,Interview Scheduled,"Client interested, follow up scheduled"
561,6071,1620,10,2022-08-20,Rejected,"Client interested, follow up scheduled"
562,649,1016,16,2022-11-12,Offer Extended,Awaiting feedback
563,304,966,23,2023-03-18,Withdrawn,Client reviewing
564,5914,379,8,2022-06-05,Interview Scheduled,Awaiting feedback
565,2276,1225,15,2023-08-31,Rejected,Client reviewing
566,2310,1539,22,2022-10-01,Withdrawn,Client reviewing
567,5058,1430,18,2023-09-17,Submitted,Profile sent to hiring manager
568,5235,1102,6,2022-09-03,Submitted,Awaiting feedback
569,858,85,18,2023-12-05,On Hold,Client reviewing
570,2513,1060,23,2023-06-15,On Hold,Visa concern raised
571,4754,1745,22,2023-11-30,On Hold,Awaiting feedback
572,743,920,4,2023-01-31,Offer Extended,Profile sent to hiring manager
573,6573,1434,10,2023-02-19,Submitted,Strong technical background
574,46,725,5,2022-07-10,Submitted,Shortlisted for interview
575,1070,299,14,2023-06-03,Withdrawn,Experience gap noted
576,6047,1975,18,2022-09-27,Submitted,"Client interested, follow up scheduled"
577,3098,1969,19,2022-11-01,Submitted,Visa concern raised
578,4073,512,5,2022-08-24,Submitted,Visa concern raised
579,1031,874,16,2022-10-04,Interview Scheduled,Good match for requirement
580,5517,729,24,2023-06-07,Submitted,Client reviewing
581,1562,1620,21,2024-02-06,Offer Extended,Awaiting feedback
582,2628,654,22,2023-12-07,On Hold,Client reviewing
583,6048,592,22,2024-05-05,Interview Scheduled,Client reviewing
584,6745,1151,11,2022-12-03,Interview Scheduled,Awaiting feedback
585,4459,1706,25,2023-11-23,On Hold,Awaiting feedback
586,3426,1273,5,2023-10-31,Withdrawn,Good match for requirement
587,411,718,8,2023-10-12,Submitted,Awaiting feedback
588,4948,1682,7,2023-04-03,Submitted,Salary mismatch
589,2849,708,22,2023-04-08,Submitted,Experience gap noted
590,5888,180,6,2024-02-06,Submitted,Good match for requirement
591,4630,225,20,2022-06-10,Rejected,Client reviewing
592,5365,901,20,2023-05-30,Withdrawn,Strong technical background
593,5822,406,3,2023-07-30,Submitted,Salary mismatch
594,6944,1034,17,2023-08-14,On Hold,Salary mismatch
595,5911,938,13,2024-02-20,Interview Scheduled,Profile sent to hiring manager
596,1106,1181,11,2022-10-23,Offer Extended,Visa concern raised
597,1417,1180,3,2022-06-01,Submitted,Visa concern raised
598,4394,772,21,2022-08-21,Offer Extended,Awaiting feedback
599,3261,1113,9,2023-12-19,On Hold,Awaiting feedback
600,2964,34,16,2022-11-26,On Hold,Experience gap noted
601,410,1143,23,2023-02-25,Withdrawn,Shortlisted for interview
602,6387,1088,24,2023-04-20,Offer Extended,Client reviewing
603,5637,1363,16,2024-04-12,On Hold,Client reviewing
604,6223,899,15,2022-06-01,Offer Extended,Salary mismatch
605,5845,1778,17,2022-08-31,Offer Extended,Awaiting feedback
606,78,931,2,2024-01-15,Submitted,Awaiting feedback
607,6351,1315,2,2022-07-31,Submitted,Awaiting feedback
608,6875,6,24,2022-10-31,Rejected,Experience gap noted
609,6604,1082,16,2023-03-12,Offer Extended,Strong technical background
610,2007,426,12,2022-06-21,Submitted,Awaiting feedback
611,5106,1018,17,2024-02-08,On Hold,"Client interested, follow up scheduled"
612,4899,271,21,2023-12-06,Interview Scheduled,Shortlisted for interview
613,4947,1795,15,2022-12-10,Interview Scheduled,"Client interested, follow up scheduled"
614,1827,1045,4,2023-12-03,Submitted,Shortlisted for interview
615,3658,429,7,2023-07-19,Submitted,"Client interested, follow up scheduled"
616,6092,1685,22,2022-12-29,Submitted,Experience gap noted
617,6184,589,9,2022-08-15,Submitted,Strong technical background
618,3104,1244,24,2023-07-18,Offer Extended,"Client interested, follow up scheduled"
619,2958,1488,6,2023-03-10,Offer Extended,Experience gap noted
620,813,1588,2,2024-03-22,Withdrawn,Shortlisted for interview
621,5058,1309,5,2024-03-05,Submitted,Awaiting feedback
622,6335,289,1,2024-03-09,Withdrawn,Awaiting feedback
623,5536,1926,11,2023-04-26,Rejected,Profile sent to hiring manager
624,4141,1844,13,2024-05-18,Interview Scheduled,Strong technical background
625,1870,1376,24,2022-11-27,On Hold,Salary mismatch
626,2404,1449,19,2024-03-18,Offer Extended,Profile sent to hiring manager
627,1311,862,17,2023-09-19,Offer Extended,Awaiting feedback
628,427,784,23,2023-09-26,Offer Extended,Awaiting feedback
629,4076,672,12,2023-02-25,Interview Scheduled,Visa concern raised
630,3026,1227,6,2023-02-13,Offer Extended,"Client interested, follow up scheduled"
631,4226,621,5,2023-12-09,Rejected,Strong technical background
632,1344,1362,21,2023-12-07,Rejected,Experience gap noted
633,3938,321,24,2022-09-02,Submitted,"Client interested, follow up scheduled"
634,1246,1837,5,2024-01-01,Interview Scheduled,Shortlisted for interview
635,2837,1230,3,2023-03-15,Submitted,Salary mismatch
636,1894,848,22,2023-01-18,Submitted,Profile sent to hiring manager
637,3824,1108,12,2022-12-14,Withdrawn,Good match for requirement
638,6800,408,9,2022-12-11,Offer Extended,Strong technical background
639,2483,84,7,2023-12-13,Submitted,Client reviewing
640,132,549,24,2023-01-07,Offer Extended,Shortlisted for interview
641,2982,277,3,2022-10-05,Interview Scheduled,Visa concern raised
642,5884,1097,20,2023-10-02,Withdrawn,Strong technical background
643,4516,1191,21,2022-06-23,Rejected,"Client interested, follow up scheduled"
644,3695,1428,21,2023-10-02,Offer Extended,Good match for requirement
645,3566,393,25,2023-07-15,On Hold,Awaiting feedback
646,2757,1398,3,2024-05-14,On Hold,"Client interested, follow up scheduled"
647,3330,47,23,2022-06-03,Offer Extended,Salary mismatch
648,1423,1383,19,2022-11-23,Offer Extended,Good match for requirement
649,1298,269,1,2023-07-02,Submitted,Profile sent to hiring manager
650,4477,1858,24,2023-02-17,Submitted,Strong technical background
651,5545,897,13,2024-02-29,Interview Scheduled,Awaiting feedback
652,4731,43,1,2024-01-13,Submitted,Client reviewing
653,4650,501,10,2023-01-01,Withdrawn,Salary mismatch
654,5218,915,13,2023-10-09,Offer Extended,Profile sent to hiring manager
655,1476,1929,22,2023-11-01,Offer Extended,Good match for requirement
656,5343,1166,9,2024-05-09,Interview Scheduled,Profile sent to hiring manager
657,366,1715,10,2023-02-18,Rejected,Good match for requirement
658,4532,34,21,2023-10-25,Submitted,"Client interested, follow up scheduled"
659,6797,343,5,2023-12-03,Rejected,Strong technical background
660,836,581,11,2023-04-06,Offer Extended,Salary mismatch
661,5729,418,6,2024-01-07,Rejected,"Client interested, follow up scheduled"
662,1351,1827,3,2022-11-14,On Hold,Strong technical background
663,4271,1505,8,2022-06-06,Submitted,Profile sent to hiring manager
664,177,1824,2,2024-03-03,On Hold,Experience gap noted
665,3260,1435,24,2024-05-19,Withdrawn,Salary mismatch
666,1594,1710,25,2023-01-24,Submitted,Visa concern raised
667,2078,1906,24,2022-10-16,Withdrawn,Awaiting feedback
668,5321,331,3,2023-08-06,Withdrawn,Awaiting feedback
669,5005,214,21,2022-06-16,Interview Scheduled,Client reviewing
670,1,1739,5,2023-01-09,Withdrawn,Client reviewing
671,1819,1337,12,2023-08-02,On Hold,Visa concern raised
672,5827,128,18,2023-09-23,On Hold,Good match for requirement
673,5229,1522,21,2024-03-21,Withdrawn,Strong technical background
674,2801,427,18,2022-10-22,Withdrawn,Shortlisted for interview
675,459,504,6,2023-09-01,Rejected,Shortlisted for interview
676,2113,1495,22,2023-08-15,Submitted,"Client interested, follow up scheduled"
677,6348,897,7,2022-12-14,On Hold,Good match for requirement
678,3572,662,19,2022-11-06,Submitted,Shortlisted for interview
679,4450,228,17,2022-11-19,On Hold,Client reviewing
680,5585,1124,1,2023-09-14,Interview Scheduled,Client reviewing
681,427,1817,1,2024-05-17,Submitted,Strong technical background
682,4688,545,6,2023-06-09,Withdrawn,Visa concern raised
683,2237,1645,17,2023-09-09,Submitted,Strong technical background
684,2771,1020,6,2023-03-27,Offer Extended,Strong technical background
685,4526,265,16,2023-06-30,On Hold,Visa concern raised
686,3487,260,24,2022-08-30,Withdrawn,Salary mismatch
687,457,503,24,2024-05-25,Withdrawn,Visa concern raised
688,5242,119,20,2022-08-15,On Hold,Profile sent to hiring manager
689,3562,385,24,2023-05-09,Withdrawn,Experience gap noted
690,2784,1032,19,2023-02-22,Offer Extended,Shortlisted for interview
691,3447,1839,16,2023-03-21,Withdrawn,Client reviewing
692,2405,662,16,2022-09-16,Submitted,Awaiting feedback
693,6488,1480,25,2023-08-21,Submitted,Visa concern raised
694,4030,927,2,2022-11-08,Rejected,Visa concern raised
695,6451,1328,21,2024-01-09,On Hold,Client reviewing
696,4167,726,1,2023-01-26,Submitted,"Client interested, follow up scheduled"
697,2070,1891,15,2024-01-07,Submitted,Profile sent to hiring manager
698,553,1749,16,2022-09-26,Interview Scheduled,Strong technical background
699,33,1476,5,2023-11-22,Submitted,Experience gap noted
700,3795,509,3,2024-04-15,Submitted,Visa concern raised
701,5177,691,2,2022-08-11,Withdrawn,Visa concern raised
702,5239,372,18,2023-03-09,Withdrawn,Profile sent to hiring manager
703,699,1569,5,2022-09-14,Rejected,Profile sent to hiring manager
704,6515,1610,10,2022-11-07,Interview Scheduled,Salary mismatch
705,5648,307,24,2022-07-01,On Hold,Experience gap noted
706,3809,33,5,2023-01-12,Offer Extended,Experience gap noted
707,3388,268,2,2022-08-23,Withdrawn,Strong technical background
708,2039,1714,17,2023-06-04,Submitted,Visa concern raised
709,1835,1574,16,2023-11-01,Rejected,Client reviewing
710,6301,1860,14,2023-05-16,On Hold,Experience gap noted
711,5184,171,14,2023-03-02,Withdrawn,Salary mismatch
712,6571,460,23,2023-03-03,On Hold,Profile sent to hiring manager
713,2226,1164,9,2024-05-07,Withdrawn,Client reviewing
714,5990,731,14,2023-09-27,Submitted,Visa concern raised
715,2389,600,6,2023-09-09,Offer Extended,Good match for requirement
716,1987,359,12,2023-01-21,Submitted,Strong technical background
717,1548,930,6,2024-04-23,Withdrawn,Salary mismatch
718,4507,1060,10,2022-10-05,Interview Scheduled,"Client interested, follow up scheduled"
719,5042,1938,9,2023-07-07,Rejected,Awaiting feedback
720,3104,1416,9,2024-05-05,Submitted,"Client interested, follow up scheduled"
721,5137,1939,5,2023-12-18,Rejected,Salary mismatch
722,1835,1031,23,2022-10-15,Submitted,Good match for requirement
723,1248,1448,18,2022-10-15,Interview Scheduled,Good match for requirement
724,2390,488,11,2023-11-05,Submitted,"Client interested, follow up scheduled"
725,2677,373,5,2023-11-17,Rejected,Salary mismatch
726,4692,1562,5,2023-09-01,Submitted,Good match for requirement
727,5046,1167,13,2023-09-29,Withdrawn,Awaiting feedback
728,2100,1721,9,2023-07-14,Submitted,Strong technical background
729,2364,93,10,2023-05-23,Rejected,Shortlisted for interview
730,6404,1221,19,2023-07-31,Interview Scheduled,Profile sent to hiring manager
731,81,1239,18,2022-08-28,Withdrawn,Profile sent to hiring manager
732,268,483,15,2023-03-10,Rejected,Strong technical background
733,946,1441,11,2022-07-06,Withdrawn,"Client interested, follow up scheduled"
734,6606,1417,5,2022-09-02,Withdrawn,"Client interested, follow up scheduled"
735,6252,245,3,2023-09-01,Interview Scheduled,Client reviewing
736,6446,773,23,2023-01-16,Submitted,Strong technical background
737,3901,446,10,2022-10-25,Submitted,Experience gap noted
738,6387,1915,8,2023-08-20,Interview Scheduled,Awaiting feedback
739,5923,61,15,2022-12-19,Offer Extended,Good match for requirement
740,4203,1997,11,2023-08-08,Offer Extended,Shortlisted for interview
741,3908,1386,17,2023-03-04,On Hold,Visa concern raised
742,1682,848,8,2022-06-08,Submitted,Strong technical background
743,2786,1210,3,2023-11-05,Offer Extended,Visa concern raised
744,5616,60,11,2024-02-21,On Hold,"Client interested, follow up scheduled"
745,4953,802,19,2023-08-02,Submitted,Client reviewing
746,739,903,25,2022-10-29,On Hold,Experience gap noted
747,6840,199,11,2023-09-27,Offer Extended,Salary mismatch
748,1914,659,12,2023-03-22,Withdrawn,Profile sent to hiring manager
749,3222,1914,24,2023-02-18,Withdrawn,Strong technical background
750,5310,154,21,2022-08-10,Offer Extended,Good match for requirement
751,6469,95,18,2022-11-05,On Hold,Good match for requirement
752,2086,763,23,2022-08-07,On Hold,Good match for requirement
753,2550,1697,8,2022-09-26,Submitted,Experience gap noted
754,5,1478,1,2022-09-15,Rejected,Client reviewing
755,4477,1788,1,2024-03-31,On Hold,Experience gap noted
756,5107,227,2,2023-10-11,Submitted,Awaiting feedback
757,2029,1774,16,2023-11-23,Interview Scheduled,Salary mismatch
758,2479,393,18,2023-08-24,On Hold,Experience gap noted
759,6713,335,14,2022-09-06,Submitted,Shortlisted for interview
760,6670,1765,22,2022-08-19,Submitted,Good match for requirement
761,4548,1073,20,2022-06-21,Submitted,Awaiting feedback
762,6346,200,20,2023-10-11,Withdrawn,Profile sent to hiring manager
763,2580,1597,20,2023-12-30,Rejected,Awaiting feedback
764,5732,508,21,2022-07-22,Submitted,Strong technical background
765,6124,236,17,2022-10-30,Interview Scheduled,Awaiting feedback
766,5049,773,9,2023-03-21,Offer Extended,Salary mismatch
767,913,1032,12,2023-09-04,Offer Extended,Visa concern raised
768,1830,1238,6,2022-06-28,Interview Scheduled,Shortlisted for interview
769,1873,245,9,2024-05-13,Offer Extended,Strong technical background
770,2489,295,5,2023-05-14,Offer Extended,Visa concern raised
771,4464,142,25,2023-06-19,Submitted,Awaiting feedback
772,978,334,21,2022-09-13,On Hold,"Client interested, follow up scheduled"
773,5957,268,1,2024-04-20,Submitted,"Client interested, follow up scheduled"
774,4748,788,21,2023-09-06,Withdrawn,Experience gap noted
775,1812,1423,9,2023-02-13,Offer Extended,Experience gap noted
776,3319,223,20,2023-05-06,Submitted,Client reviewing
777,4074,381,8,2023-06-27,Withdrawn,Client reviewing
778,2249,847,11,2024-05-21,Submitted,Visa concern raised
779,4702,292,22,2022-06-17,On Hold,Good match for requirement
780,4980,1762,6,2023-12-15,On Hold,Good match for requirement
781,3271,1956,17,2022-10-05,Interview Scheduled,Strong technical background
782,2265,1474,17,2022-08-13,Rejected,"Client interested, follow up scheduled"
783,1704,1909,17,2023-11-08,Submitted,Strong technical background
784,318,386,18,2023-04-26,On Hold,Profile sent to hiring manager
785,3024,1192,16,2023-06-04,Submitted,Profile sent to hiring manager
786,3330,455,24,2023-03-19,Rejected,"Client interested, follow up scheduled"
787,3683,1366,18,2022-06-24,Submitted,Awaiting feedback
788,3914,787,16,2023-02-13,Interview Scheduled,Salary mismatch
789,3931,735,24,2022-10-28,Offer Extended,Client reviewing
790,6960,141,22,2024-04-09,Submitted,Strong technical background
791,1664,1981,16,2024-02-07,Submitted,Experience gap noted
792,6619,1474,10,2023-01-11,Rejected,Client reviewing
793,955,681,17,2024-01-04,Withdrawn,Strong technical background
794,4485,1004,10,2022-09-24,Submitted,"Client interested, follow up scheduled"
795,580,1717,22,2022-12-20,Interview Scheduled,Experience gap noted
796,3147,1788,22,2022-07-03,Submitted,Client reviewing
797,3751,196,8,2023-08-24,Offer Extended,Strong technical background
798,1407,1970,6,2022-09-11,Submitted,Salary mismatch
799,165,705,13,2023-04-06,On Hold,"Client interested, follow up scheduled"
800,6757,606,22,2022-12-24,Submitted,Good match for requirement
801,5160,1036,10,2024-01-26,Rejected,Experience gap noted
802,5432,691,7,2023-09-17,Withdrawn,Visa concern raised
803,6621,416,3,2022-07-02,On Hold,Awaiting feedback
804,6033,1871,3,2023-04-05,On Hold,Experience gap noted
805,833,1536,18,2023-06-30,Interview Scheduled,"Client interested, follow up scheduled"
806,6490,1298,7,2023-06-08,On Hold,Awaiting feedback
807,466,1672,25,2023-03-26,On Hold,"Client interested, follow up scheduled"
808,6233,284,8,2022-12-13,Submitted,"Client interested, follow up scheduled"
809,2533,1591,6,2022-10-24,Submitted,Profile sent to hiring manager
810,3047,1569,10,2023-11-01,Interview Scheduled,Good match for requirement
811,3848,662,21,2024-03-11,Offer Extended,Shortlisted for interview
812,1162,1404,17,2023-11-20,Rejected,"Client interested, follow up scheduled"
813,1046,1450,7,2023-04-01,Interview Scheduled,Experience gap noted
814,5758,951,12,2024-02-20,Interview Scheduled,Client reviewing
815,4325,973,22,2024-02-11,Interview Scheduled,"Client interested, follow up scheduled"
816,5559,1486,4,2022-12-15,Rejected,Strong technical background
817,5800,66,1,2023-08-23,On Hold,Profile sent to hiring manager
818,6911,584,17,2022-06-07,Submitted,Visa concern raised
819,966,1301,21,2023-12-25,Withdrawn,Good match for requirement
820,6535,752,12,2022-09-24,Submitted,Visa concern raised
821,5898,420,5,2022-10-25,Offer Extended,Experience gap noted
822,6725,1787,5,2022-11-25,Withdrawn,Awaiting feedback
823,6003,599,2,2024-03-16,On Hold,Salary mismatch
824,3451,446,3,2023-03-10,Offer Extended,Experience gap noted
825,2447,1866,8,2023-07-16,Offer Extended,Client reviewing
826,5381,160,4,2023-10-17,Withdrawn,"Client interested, follow up scheduled"
827,477,379,4,2023-09-21,Submitted,"Client interested, follow up scheduled"
828,418,1946,20,2022-06-14,Rejected,Visa concern raised
829,5067,1043,16,2023-03-21,Submitted,Shortlisted for interview
830,2771,1464,18,2023-04-04,Submitted,Visa concern raised
831,2942,544,18,2023-09-28,Rejected,Client reviewing
832,3218,635,16,2022-09-05,Submitted,"Client interested, follow up scheduled"
833,850,259,12,2022-12-07,Interview Scheduled,Client reviewing
834,3744,1139,10,2023-04-17,Submitted,Salary mismatch
835,1920,1239,9,2024-02-02,Submitted,Salary mismatch
836,1473,1914,19,2022-10-03,Withdrawn,"Client interested, follow up scheduled"
837,3865,1660,22,2023-02-01,Submitted,Salary mismatch
838,2518,1649,10,2022-11-10,Rejected,Experience gap noted
839,74,1248,11,2024-02-26,Offer Extended,"Client interested, follow up scheduled"
840,664,867,20,2024-04-03,Submitted,Visa concern raised
841,2306,876,15,2022-08-07,Submitted,Visa concern raised
842,2115,546,23,2023-07-11,On Hold,Client reviewing
843,119,1743,14,2022-07-06,Interview Scheduled,Awaiting feedback
844,3320,261,2,2023-07-14,Rejected,Visa concern raised
845,3061,223,6,2024-04-20,Withdrawn,Salary mismatch
846,3567,1126,10,2023-08-25,Withdrawn,Good match for requirement
847,6295,928,1,2024-04-15,Interview Scheduled,Visa concern raised
848,840,995,7,2022-09-20,Submitted,Awaiting feedback
849,2016,1950,14,2024-04-23,Submitted,Visa concern raised
850,1449,193,4,2024-02-20,Submitted,Client reviewing
851,1078,1639,1,2023-12-23,Offer Extended,Salary mismatch
852,755,822,15,2023-11-16,Rejected,"Client interested, follow up scheduled"
853,1623,1466,18,2022-09-27,Submitted,Client reviewing
854,4993,1814,17,2022-10-23,Submitted,Client reviewing
855,5251,839,19,2023-02-01,Withdrawn,Shortlisted for interview
856,5447,1308,14,2023-09-01,Rejected,Strong technical background
857,1332,68,25,2023-01-12,Interview Scheduled,"Client interested, follow up scheduled"
858,1908,1959,23,2024-03-08,Withdrawn,Profile sent to hiring manager
859,4660,1470,2,2023-05-28,Submitted,Shortlisted for interview
860,3174,1138,23,2023-09-05,Withdrawn,Profile sent to hiring manager
861,364,244,15,2024-03-18,Rejected,Good match for requirement
862,960,1464,23,2023-02-12,Offer Extended,Awaiting feedback
863,449,937,4,2023-10-05,Interview Scheduled,Experience gap noted
864,3285,499,23,2023-08-27,Rejected,Visa concern raised
865,1561,1260,13,2023-03-10,Offer Extended,Good match for requirement
866,2994,1955,23,2023-03-28,On Hold,Profile sent to hiring manager
867,4964,1393,1,2024-02-14,Submitted,Good match for requirement
868,4951,437,21,2022-08-17,On Hold,Shortlisted for interview
869,19,70,10,2024-04-15,Submitted,"Client interested, follow up scheduled"
870,4700,1585,13,2023-05-07,Interview Scheduled,Salary mismatch
871,136,27,21,2023-08-14,Offer Extended,Strong technical background
872,561,1595,24,2024-05-24,Withdrawn,Shortlisted for interview
873,3419,1214,13,2023-06-23,On Hold,Salary mismatch
874,4548,1533,12,2022-12-06,Withdrawn,Experience gap noted
875,3495,1001,7,2023-01-24,Rejected,Client reviewing
876,884,1241,15,2023-08-06,Withdrawn,Shortlisted for interview
877,4813,1570,10,2024-05-13,Interview Scheduled,Shortlisted for interview
878,6596,1183,24,2023-09-29,On Hold,"Client interested, follow up scheduled"
879,1506,1437,22,2023-06-12,Submitted,Shortlisted for interview
880,1219,83,3,2023-12-21,Submitted,"Client interested, follow up scheduled"
881,6327,357,16,2022-11-09,Submitted,Profile sent to hiring manager
882,1521,169,16,2024-01-29,On Hold,Experience gap noted
883,3713,1770,10,2022-10-31,Interview Scheduled,Experience gap noted
884,4702,1300,1,2022-10-25,Withdrawn,Salary mismatch
885,4312,424,1,2022-11-24,Submitted,Good match for requirement
886,1792,652,8,2023-07-01,Withdrawn,Visa concern raised
887,6342,1834,5,2023-11-18,On Hold,Experience gap noted
888,5190,487,9,2022-10-08,Interview Scheduled,Salary mismatch
889,2646,755,4,2022-12-06,Withdrawn,Profile sent to hiring manager
890,5508,560,17,2024-03-11,Offer Extended,Client reviewing
891,6042,1638,20,2022-09-20,Offer Extended,Client reviewing
892,6768,476,25,2024-05-13,Offer Extended,"Client interested, follow up scheduled"
893,2133,164,2,2023-01-03,Offer Extended,Strong technical background
894,344,504,25,2022-10-04,Withdrawn,Experience gap noted
895,2106,1059,24,2024-03-09,Interview Scheduled,Client reviewing
896,2347,649,10,2023-12-24,Submitted,Visa concern raised
897,4453,1957,23,2023-04-07,Withdrawn,Profile sent to hiring manager
898,6927,553,12,2022-09-18,Offer Extended,"Client interested, follow up scheduled"
899,6236,1256,25,2023-12-05,Withdrawn,Salary mismatch
900,4104,712,16,2022-07-24,Rejected,Profile sent to hiring manager
901,271,1010,11,2023-10-07,Withdrawn,Shortlisted for interview
902,6439,292,16,2022-07-27,Submitted,Strong technical background
903,4472,549,10,2024-01-28,Submitted,Shortlisted for interview
904,3863,771,1,2023-12-11,On Hold,Experience gap noted
905,436,1167,6,2024-05-10,Offer Extended,Good match for requirement
906,6049,896,13,2024-04-27,On Hold,Good match for requirement
907,6745,1992,24,2022-12-19,Interview Scheduled,"Client interested, follow up scheduled"
908,4142,1028,24,2024-04-08,Submitted,Shortlisted for interview
909,1819,1816,12,2023-04-12,On Hold,Experience gap noted
910,1199,400,12,2023-07-06,Interview Scheduled,Salary mismatch
911,4090,722,25,2024-04-09,Rejected,Profile sent to hiring manager
912,5704,1084,9,2023-11-25,Withdrawn,Visa concern raised
913,2319,488,22,2023-06-20,Rejected,Profile sent to hiring manager
914,1585,1904,17,2022-10-28,On Hold,"Client interested, follow up scheduled"
915,4399,1015,16,2023-07-02,Rejected,Shortlisted for interview
916,1195,665,9,2022-11-02,Rejected,Awaiting feedback
917,2926,944,25,2023-09-13,Submitted,Salary mismatch
918,765,19,20,2023-03-06,Offer Extended,Experience gap noted
919,2252,1795,5,2023-04-07,Offer Extended,Good match for requirement
920,5137,111,10,2022-09-21,On Hold,Profile sent to hiring manager
921,2276,1168,16,2023-10-19,Submitted,Experience gap noted
922,3356,771,18,2022-09-02,Offer Extended,Visa concern raised
923,30,436,19,2024-02-08,On Hold,Shortlisted for interview
924,4017,1073,16,2023-06-15,Interview Scheduled,"Client interested, follow up scheduled"
925,6921,386,24,2023-12-23,On Hold,Strong technical background
926,2490,195,13,2023-03-09,On Hold,Client reviewing
927,177,1877,21,2022-09-15,On Hold,Salary mismatch
928,4382,611,25,2023-03-18,Interview Scheduled,Shortlisted for interview
929,4763,502,4,2023-11-27,Rejected,"Client interested, follow up scheduled"
930,4435,509,2,2022-10-30,Submitted,Shortlisted for interview
931,921,1885,23,2023-03-07,Offer Extended,Experience gap noted
932,3447,1863,25,2023-06-23,On Hold,Profile sent to hiring manager
933,2501,936,4,2023-09-02,Rejected,"Client interested, follow up scheduled"
934,6296,66,15,2022-06-30,Interview Scheduled,Strong technical background
935,527,1839,18,2023-11-27,Submitted,Awaiting feedback
936,1712,1994,5,2023-05-13,Rejected,Profile sent to hiring manager
937,1726,861,14,2023-11-20,Offer Extended,Experience gap noted
938,2797,1523,12,2023-06-29,Offer Extended,Client reviewing
939,296,1512,22,2024-02-07,Submitted,Profile sent to hiring manager
940,1848,288,9,2023-10-31,On Hold,Strong technical background
941,2391,346,24,2023-02-21,Submitted,"Client interested, follow up scheduled"
942,1586,1320,21,2024-05-06,On Hold,Salary mismatch
943,5230,455,9,2023-06-13,Offer Extended,Profile sent to hiring manager
944,6297,561,13,2023-01-17,Rejected,Client reviewing
945,4521,1319,24,2022-09-17,Submitted,Strong technical background
946,1235,662,25,2023-04-25,Interview Scheduled,Profile sent to hiring manager
947,2178,1282,13,2023-05-05,Submitted,Good match for requirement
948,5454,1947,6,2024-04-07,Interview Scheduled,Visa concern raised
949,903,1096,6,2022-06-20,On Hold,Good match for requirement
950,4634,1770,15,2023-02-11,Withdrawn,Experience gap noted
951,2166,41,2,2024-05-06,Interview Scheduled,Salary mismatch
952,1544,717,6,2023-10-12,On Hold,Shortlisted for interview
953,1193,1217,24,2024-01-02,Offer Extended,Experience gap noted
954,318,469,6,2023-03-10,Interview Scheduled,Profile sent to hiring manager
955,2911,1881,23,2022-09-29,Offer Extended,Good match for requirement
956,6997,42,19,2024-05-08,Submitted,Visa concern raised
957,1688,1112,16,2023-11-01,Interview Scheduled,Good match for requirement
958,1262,278,7,2023-05-07,Rejected,Salary mismatch
959,1095,301,4,2022-06-10,Rejected,Strong technical background
960,6143,1097,5,2024-03-23,Withdrawn,Shortlisted for interview
961,1843,1613,17,2023-08-24,On Hold,Strong technical background
962,1464,586,4,2024-01-01,Offer Extended,Awaiting feedback
963,5293,179,7,2022-06-17,Withdrawn,"Client interested, follow up scheduled"
964,5248,444,3,2023-04-04,Submitted,Strong technical background
965,2982,589,4,2022-07-09,Interview Scheduled,Shortlisted for interview
966,1174,1066,9,2023-11-27,Offer Extended,Shortlisted for interview
967,9,1792,2,2023-07-28,Rejected,Awaiting feedback
968,1083,1280,2,2023-03-29,Offer Extended,Shortlisted for interview
969,4697,1643,11,2022-12-23,Rejected,Shortlisted for interview
970,3515,1237,18,2022-06-09,Rejected,Strong technical background
971,4102,1540,9,2024-04-17,Interview Scheduled,"Client interested, follow up scheduled"
972,1176,1532,3,2022-08-26,Withdrawn,Good match for requirement
973,2521,1677,14,2022-09-25,Submitted,Client reviewing
974,5876,739,9,2022-12-08,Submitted,Shortlisted for interview
975,4299,1508,10,2023-03-26,Interview Scheduled,Strong technical background
976,2198,1565,23,2022-08-16,Submitted,Client reviewing
977,2977,772,2,2024-02-27,Submitted,Good match for requirement
978,6389,162,17,2022-11-25,Interview Scheduled,Experience gap noted
979,730,171,2,2022-12-14,Interview Scheduled,Shortlisted for interview
980,5050,1053,12,2022-09-28,Rejected,Client reviewing
981,5813,289,3,2024-04-20,Rejected,Awaiting feedback
982,553,769,1,2023-11-02,Offer Extended,Shortlisted for interview
983,4754,1214,25,2024-05-24,Rejected,"Client interested, follow up scheduled"
984,6368,1040,1,2023-01-13,On Hold,Awaiting feedback
985,2499,719,6,2023-07-05,Rejected,Visa concern raised
986,4302,1234,5,2022-08-11,Withdrawn,Experience gap noted
987,4971,611,21,2022-12-06,Submitted,Profile sent to hiring manager
988,3789,414,6,2024-02-01,Offer Extended,Salary mismatch
989,750,1726,8,2023-06-08,Offer Extended,Experience gap noted
990,1583,107,9,2023-01-10,Interview Scheduled,Awaiting feedback
991,3773,463,4,2023-06-08,Withdrawn,Visa concern raised
992,4505,1471,14,2024-05-20,On Hold,Client reviewing
993,4709,119,10,2023-04-27,Submitted,Good match for requirement
994,5367,832,12,2023-07-06,Offer Extended,Profile sent to hiring manager
995,4240,189,20,2023-02-22,Offer Extended,Salary mismatch
996,2240,984,7,2023-01-13,Offer Extended,"Client interested, follow up scheduled"
997,1834,701,21,2023-09-21,Withdrawn,Awaiting feedback
998,76,1207,21,2024-02-26,Interview Scheduled,Salary mismatch
999,6349,1162,9,2022-06-05,Rejected,Salary mismatch
1000,5052,1316,5,2024-04-19,Submitted,"Client interested, follow up scheduled"
